197223058909,Zahra,ZahraHermansson@armyspy.com
194314050879,Christofer,ChristoferSandberg@teleworm.us
198218099319,Aleksandra,AleksandraSamuelsson@teleworm.us
194915118163,Valentino,ValentinoBlom@fleckens.hu
198007023532,Noelle,NoelleLofgren@superrito.com
199221060829,Fiona,FionaEk@superrito.com
194408079354,Totte,TotteBergman@rhyta.com
197111059803,Tanja,TanjaPettersson@dayrep.com
195428117089,Axel,AxelLund@fleckens.hu
195116103879,Melvin,MelvinKarlsson@teleworm.us
195209122150,Holger,HolgerWallin@gustr.com
196925044000,Valter,ValterAndreasson@einrot.com
196518056423,Jerry,jerry@cs.umu.se
197426027171,Martina,MartinaHellstrom@rhyta.com
197129047033,Roger,RogerMattsson@armyspy.com
196506113754,Andy,AndyLindqvist@armyspy.com
199426043955,Michaela,MichaelaNordstrom@fleckens.hu
196513053857,Rania,RaniaFredriksson@dayrep.com
194417015748,Elina,ElinaJonsson@jourrapide.com
195414052707,Alexia,AlexiaJohansson@einrot.com
194729079122,Henrietta,HenriettaEk@superrito.com
197027086077,Melwin,MelwinSjogren@dayrep.com
200004074779,Aina,AinaSandstrom@teleworm.us
195110061668,Tara,TaraLofgren@fleckens.hu
195206013902,Mike,MikeNyberg@gustr.com
196917069031,Elin,ElinSandstrom@teleworm.us
197929118720,Kira,KiraFransson@einrot.com
196524032161,Maryam,MaryamFredriksson@cuvox.de
193514125530,Vilde,VildeSandberg@cuvox.de
197717124663,Amelia,AmeliaDahlberg@teleworm.us
197510091631,Jerry den andre,jerry@turing.com
196817065587,Eldin,EldinPettersson@einrot.com
197209053361,Moses,MosesLindstrom@einrot.com
193905010347,Walid,WalidCarlsson@jourrapide.com
196929095746,Elisabet,ElisabetLarsson@jourrapide.com
193716038426,Viking,VikingLund@dayrep.com
195302100638,Maximus,MaximusLund@teleworm.us
194931088654,Almir,AlmirIsaksson@cuvox.de
196004067013,Ilse,IlseBergstrom@dayrep.com
194120124777,Nicholas,NicholasSamuelsson@gustr.com
199522108074,Thilda,ThildaJohansson@armyspy.com
199415083562,James,JamesPettersson@gustr.com
197313125912,Elias,eam@cs.umu.se
195816054098,Tanya,TanyaBlom@teleworm.us
199817115246,Najma,NajmaLundgren@rhyta.com
197907091869,Elinor,ElinorEngstrom@superrito.com
198213010239,Ibrahim,IbrahimLofgren@cuvox.de
196229078419,Texas,TexasBjorklund@dayrep.com
198214064417,Amira,AmiraPersson@dayrep.com
199511124733,Matilde,MatildeBergqvist@cuvox.de
198424110972,Anders,bopspe@cs.umu.se
195801100210,Lovisa,LovisaLofgren@dayrep.com
194503031367,Ninni,NinniLofgren@jourrapide.com
195503016045,Rufus,RufusHolmberg@cuvox.de
195328032740,Milan,MilanHansson@armyspy.com
193928045152,Amir,AmirFredriksson@superrito.com
199530118337,Yrsa,YrsaAstrom@cuvox.de
195726052821,Melisa,MelisaLindgren@jourrapide.com
193310070109,Malak,MalakMagnusson@teleworm.us
198819078145,Michael,MichaelJohnsson@armyspy.com
195211059244,Zainab,ZainabLindberg@dayrep.com
195401106137,Najma,NajmaLundqvist@superrito.com
193401063188,Emma,EmmaLindberg@rhyta.com
193921017399,Matthias,MatthiasEklund@cuvox.de
197920086523,Vincent,VincentSandstrom@gustr.com
197306062277,Angelina,AngelinaMartensson@cuvox.de
197624033749,Darin,DarinJohansson@rhyta.com
197521050103,Hanan,HananSoderstrom@rhyta.com
198617015064,Tuwa,TuwaGustavsson@einrot.com
195402103509,Paula,PaulaMagnusson@dayrep.com
198403127216,Leopold,LeopoldEkstrom@armyspy.com
196502032433,Matilde,MatildeMattsson@fleckens.hu
193706093854,Emilio,EmilioEklund@cuvox.de
195231056832,Elliot,ElliotOlofsson@rhyta.com
193712095232,Rosa,RosaBergstrom@teleworm.us
197813102148,Herman,HermanSjoberg@armyspy.com
194619127990,Eldin,EldinNystrom@einrot.com
193429035246,Ava,AvaSandstrom@armyspy.com
198525121131,Mekar Micke,Micke@jourrapide.com
197817078520,Mohamed,MohamedSundberg@fleckens.hu
194428044809,Emely,EmelyPersson@cuvox.de
193602092139,Emma,EmmaBergstrom@superrito.com
195026061458,Lykke,LykkeBerglund@fleckens.hu
196003054065,Kajsa,KajsaAkesson@jourrapide.com
199525016658,Vilgot,VilgotHansson@rhyta.com
198011105238,Lucky,JessieMansson@rhyta.com
193514129321,Milly,MillyPersson@superrito.com
194202010274,Mattis,MattisHolmgren@fleckens.hu
197231052481,Vega,VegaAstrom@armyspy.com
199005113103,Matthias,MatthiasIsaksson@jourrapide.com
195015056492,Tilda,TildaLundgren@einrot.com
194821084841,Zainab,ZainabEliasson@jourrapide.com
195826067081,Denice,DeniceEliasson@rhyta.com
196416077436,Alen,AlenOberg@dayrep.com
195517061179,Hampus,HampusGunnarsson@teleworm.us
195624047065,Lukas,LukasAstrom@gustr.com
193924096850,Iris,IrisOlsson@gustr.com
194730060921,Nicklas,NicklasJonsson@fleckens.hu
199618114857,Rasmus,RasmusSundstrom@einrot.com
199603059444,Folke,FolkeEliasson@teleworm.us
197021081367,Birk,BirkEngstrom@jourrapide.com
194228109477,Thea,TheaBlom@teleworm.us
193921118237,Maryam,MaryamLindqvist@teleworm.us
197916099086,Wiktor,WiktorBlom@dayrep.com
196819035983,Anthon,AnthonLundgren@rhyta.com
194320078386,Omar,OmarLundstrom@cuvox.de
194827090998,Sandy,SandyLofgren@teleworm.us
196523085988,Tilly,TillyIsaksson@jourrapide.com
198420050757,Vilde,VildeSvensson@teleworm.us
197330106048,Morgan,LilyLundin@teleworm.us
197114044269,Marten,MartenOlofsson@superrito.com
197806035496,Rikard,RikardIsaksson@einrot.com
200010014920,Ricky,RickyBengtsson@armyspy.com
196323105383,Olle,OlleDahl@einrot.com
196501096500,Nathan,NathanBergqvist@rhyta.com
196425055093,Kalle Anka,kalle@dayrep.com
196526055355,Towe,ToweJohansson@dayrep.com
194001067206,Annika,AnnikaJohnsson@dayrep.com
196022030715,Rayan,RayanJakobsson@cuvox.de
199916085307,Iman,ImanHansson@jourrapide.com
193403074465,Hector,HectorHedlund@gustr.com
193901113779,Simone,SimoneSandstrom@dayrep.com
194113049078,Albert,AlbertMattsson@armyspy.com
194319025599,Angela,AngelaNystrom@cuvox.de
193714062989,Patricia,PatriciaStromberg@rhyta.com
195720129194,Joakim von Anka,ufc@superrito.com
198801070156,Jasmin,JasminBergstrom@armyspy.com
198808103567,Greta,GretaSjogren@teleworm.us
196518038045,Lovisa,LovisaJonsson@armyspy.com
198722115517,Sofia,SofiaLind@dayrep.com
198120055310,Maximus,MaximusAndreasson@jourrapide.com
198729112129,Musse Pigg,musse@pigg.se
195826027794,Martin,MartinAndersson@armyspy.com
194311096917,Leon,LeonHedlund@rhyta.com
199122093938,Altin,AltinLindholm@gustr.com
197421113994,Gustaf,GustafNyman@einrot.com
196320046945,Linda,LindaNystrom@armyspy.com
198012058416,Edwin,EdwinOlofsson@einrot.com
196502036262,Fanny,FannyEkstrom@fleckens.hu
197905102622,August,AugustWallin@gustr.com
193326126927,Timmie,TimmieJohnsson@cuvox.de
199007118128,Lucia,LuciaBergman@gustr.com
198205063761,Siri,SiriDahl@jourrapide.com
196014048526,Muhammed,MuhammedMagnusson@einrot.com
196110015160,Jimmie,JimmieNyman@gustr.com
195907060046,Malcolm,MalcolmLundin@gustr.com
197006082965,Elissa,ElissaOlsson@rhyta.com
194710118754,Elisabeth,ElisabethMattsson@armyspy.com
193316121090,Melanie,MelanieSvensson@fleckens.hu
197620081061,Laban,LabanNyman@fleckens.hu
195525099642,Fredric,FredricLind@einrot.com
199822034462,Erna,ErnaMagnusson@einrot.com
196109061449,Laila,LailaMagnusson@einrot.com
198802100115,Towe,ToweWallin@cuvox.de
194230015110,Maria,MariaWallin@rhyta.com
199205128806,Doris Digital,doris@einrot.com
194411074776,Marina,MarinaBergqvist@rhyta.com
196517097594,Lykke,LykkeMansson@cuvox.de
198330103554,Josephine,JosephineMansson@teleworm.us
198324028254,Sebastian,SebastianHolmberg@rhyta.com
198124056298,Rosa,RosaLindstrom@dayrep.com
199105015998,Elof,ElofJohnsson@armyspy.com
196317091143,Samira,SamiraLindstrom@dayrep.com
199909129021,Tristan,TristanJansson@dayrep.com
198518109279,Dana,DanaNilsson@gustr.com
194226034460,Denniz,DennizOlsson@fleckens.hu
200022043332,Mathias,MathiasJohansson@superrito.com
195601128422,Thomas,ThomasSandberg@dayrep.com
193927061176,Mark,MarkAbrahamsson@jourrapide.com
197310069109,Artin,ArtinGunnarsson@dayrep.com
198029070395,Michelle,MichelleAndersson@einrot.com
198305087561,Anja,AnjaJakobsson@rhyta.com
198928036574,Albert Einstein,emc2@science.com
193731082191,Elton,EltonAkesson@fleckens.hu
198121120381,Philip,PhilipWallin@teleworm.us
195504060851,Mathilda,MathildaBengtsson@superrito.com
198530082232,Tamara,TamaraBlomqvist@cuvox.de
199413014105,Rim,RimSvensson@cuvox.de
195418024641,Leah,LeahLundstrom@teleworm.us
197211109029,Vilja,ViljaLindstrom@cuvox.de
199601129555,Iris,IrisBjork@rhyta.com
195218072452,Walid,WalidHakansson@jourrapide.com
194213092475,Morris,MorrisFredriksson@cuvox.de
194031056334,Alen,AlenJansson@fleckens.hu
199516034050,Tor,TorAndreasson@teleworm.us
198220014399,Xander,XanderEriksson@armyspy.com
194717083597,Madeleine,MadeleineEngstrom@dayrep.com
196817112289,Abdullahi,AbdullahiCarlsson@jourrapide.com
198025092805,Leo,LeoAstrom@gustr.com
193512041125,Alessandro,AlessandroAbrahamsson@superrito.com
194328124024,Petrus,PetrusDanielsson@jourrapide.com
195131055341,Milla,MillaLindstrom@superrito.com
193910087198,Kalle,KalleOlsson@superrito.com
198110052140,Figge Ferrum,figgeferrum@gratisskrot.nu
194919124542,Ludvig,LudvigEkstrom@superrito.com
194012078635,Anni,AnniLindqvist@superrito.com
195920092899,Angelina,AngelinaEngstrom@einrot.com
197212056257,Emeli,EmeliGustavsson@fleckens.hu
198003050268,Indra,IndraAbrahamsson@teleworm.us
197130013423,Charles,CharlesSamuelsson@jourrapide.com
197805060142,Hassan,HassanPettersson@dayrep.com
198907124203,Amira,AmiraAxelsson@teleworm.us
194629010230,Ava,AvaIvarsson@dayrep.com
194106057613,Yara,YaraIsaksson@superrito.com
196225075806,Ellie,EllieBergqvist@jourrapide.com
194019045805,Harun,HarunDahl@gustr.com
199212118872,Milad,MiladNystrom@fleckens.hu
198603037419,Per,ParDahl@rhyta.com
200011017370,Julian,JulianMattsson@jourrapide.com
197704117874,Carl,CarlHolmberg@jourrapide.com
195818035035,Josef,JosefLindholm@rhyta.com
199325077212,Meja,MejaStromberg@cuvox.de
198406049611,Eric,EricHolmgren@dayrep.com
198920050262,Ronja,RonjaEliasson@rhyta.com
195403095756,Viola,ViolaNyberg@jourrapide.com
195418030480,Linn,LinnSjogren@teleworm.us
195721068593,Fiona,FionaAberg@jourrapide.com
199110110767,Leila,LeilaSundstrom@jourrapide.com
194612069012,Tess,TessMagnusson@jourrapide.com
199919092523,Mulle Meck,mullesskrot@blavattnet.se
199506035884,Sumaya,SumayaLindqvist@rhyta.com
196710078278,Emmy,EmmyPettersson@einrot.com
194322120193,Matheo,MatheoWallin@jourrapide.com
194501017288,Nikolina,NikolinaLindqvist@teleworm.us
198726044530,Matheus,MatheusLind@cuvox.de
197625038991,Helen,HelenSjogren@teleworm.us
195718096346,Nina,NinaBengtsson@jourrapide.com
197718085151,Svea,SveaWallin@einrot.com
197103094259,Altin,AltinMansson@armyspy.com
194501050957,Sandy,SandyOlofsson@gustr.com
199203092217,Ebbe,EbbeBerglund@cuvox.de
193311114565,Wilmer,WilmerDanielsson@armyspy.com
196618046074,Ava,AvaNordstrom@jourrapide.com
193810018176,Jonna,JonnaMagnusson@superrito.com
199321060184,Maria,MariaBerg@gustr.com
196128012944,Frank,FrankJohansson@cuvox.de
193315118678,Enzo,EnzoLundqvist@superrito.com
194412094999,Doris,DorisAstrom@rhyta.com
199218035268,Aron,AronNordstrom@teleworm.us
198429096969,Elena,ElenaLindgren@gustr.com
196424098127,Anders B,brobban@java.com
193628127529,Nemo,NemoLund@superrito.com
198106019742,Desiree,DesireeStromberg@einrot.com
198409103698,Tarik,TarikPettersson@gustr.com
196521098815,Gustav,GustavFredriksson@dayrep.com
195404090747,Dalia,DaliaBerg@cuvox.de
193610122168,Emmie,EmmieDahlberg@teleworm.us
193729104441,Tora,ToraEliasson@teleworm.us
198923050820,Ludvig,LudvigJonsson@superrito.com
199111030286,Lia,LiaLindqvist@gustr.com
197620087909,Pedher,Pedher@kaffekopp.de
193630100290,Herman,HermanBjorklund@teleworm.us
195412012444,Alwa,AlwaNystrom@fleckens.hu
197620081463,Eskil,EskilMartinsson@gustr.com
199425098366,Elisa,ElisaGustafsson@teleworm.us
199628120064,Sander,SanderSjogren@fleckens.hu
